{
  "Unconstrained": {
    "final_train_acc": 0.9916492693110647,
    "final_test_acc": 0.9638888888888889,
    "total_time": 0.9705708026885986,
    "train_history": [
      0.4133611691022965,
      0.906054279749478,
      0.9464161447459986,
      0.9610299234516354,
      0.9707724425887265,
      0.9791231732776617,
      0.9839944328462074,
      0.9867780097425192,
      0.988169798190675,
      0.9916492693110647,
      0.9916492693110647
    ],
    "test_history": [
      0.39444444444444443,
      0.9055555555555556,
      0.9472222222222222,
      0.9555555555555556,
      0.9611111111111111,
      0.9638888888888889,
      0.9638888888888889,
      0.9638888888888889,
      0.9638888888888889,
      0.9638888888888889,
      0.9638888888888889
    ]
  },
  "Grassmann": {
    "final_train_acc": 0.9819067501739736,
    "final_test_acc": 0.9527777777777777,
    "total_time": 2.7409679889678955,
    "train_history": [
      0.25608907446068196,
      0.8455114822546973,
      0.9164926931106472,
      0.9436325678496869,
      0.953375086986778,
      0.9575504523312457,
      0.9679888656924147,
      0.9728601252609603,
      0.9791231732776617,
      0.9638135003479471,
      0.9819067501739736
    ],
    "test_history": [
      0.2361111111111111,
      0.8305555555555556,
      0.9194444444444444,
      0.9333333333333333,
      0.9444444444444444,
      0.9472222222222222,
      0.9472222222222222,
      0.9527777777777777,
      0.9527777777777777,
      0.9472222222222222,
      0.9527777777777777
    ]
  },
  "Product": {
    "final_train_acc": 0.942240779401531,
    "final_test_acc": 0.9222222222222223,
    "total_time": 3.1140975952148438,
    "train_history": [
      0.30758524704244955,
      0.8608211551844119,
      0.9199721642310369,
      0.9359777313848295,
      0.9436325678496869,
      0.9352818371607515,
      0.9478079331941545,
      0.9311064718162839,
      0.9290187891440501,
      0.9401530967292971,
      0.942240779401531
    ],
    "test_history": [
      0.3111111111111111,
      0.8416666666666667,
      0.9083333333333333,
      0.9222222222222223,
      0.9277777777777778,
      0.9166666666666666,
      0.925,
      0.9305555555555556,
      0.9083333333333333,
      0.925,
      0.9222222222222223
    ]
  }
}